{
  "hotpotqa": {
    "full_context": {
      "f1_mean": 0.04459084986774859,
      "f1_std": 0.0,
      "ci_95": [
        0.04459084986774859,
        0.04459084986774859
      ],
      "avg_tokens": 4120.0,
      "compression": 3.140829717624349,
      "n_runs": 1
    },
    "naive_rag": {
      "f1_mean": 0.05545371648132635,
      "f1_std": 0.0,
      "ci_95": [
        0.05545371648132635,
        0.05545371648132635
      ],
      "avg_tokens": 1764.0,
      "compression": 7.394063083200693,
      "n_runs": 1
    },
    "summary_belief": {
      "f1_mean": 0.047062213665745374,
      "f1_std": 0.0,
      "ci_95": [
        0.047062213665745374,
        0.047062213665745374
      ],
      "avg_tokens": 318.0,
      "compression": 40.75753859158498,
      "n_runs": 1
    },
    "vague": {
      "f1_mean": 0.044431120936973115,
      "f1_std": 0.0,
      "ci_95": [
        0.044431120936973115,
        0.044431120936973115
      ],
      "avg_tokens": 1734.0,
      "compression": 7.55770724725688,
      "n_runs": 1
    }
  },
  "multifieldqa_en": {
    "full_context": {
      "f1_mean": 0.2547461580089682,
      "f1_std": 0.0,
      "ci_95": [
        0.2547461580089682,
        0.2547461580089682
      ],
      "avg_tokens": 3768.0,
      "compression": 1.8358266211945762,
      "n_runs": 1
    },
    "naive_rag": {
      "f1_mean": 0.2594818338674873,
      "f1_std": 0.0,
      "ci_95": [
        0.2594818338674873,
        0.2594818338674873
      ],
      "avg_tokens": 2232.0,
      "compression": 3.6227801329267906,
      "n_runs": 1
    },
    "summary_belief": {
      "f1_mean": 0.2242471830217346,
      "f1_std": 0.0,
      "ci_95": [
        0.2242471830217346,
        0.2242471830217346
      ],
      "avg_tokens": 301.0,
      "compression": 23.94345754366642,
      "n_runs": 1
    },
    "vague": {
      "f1_mean": 0.2476125371239337,
      "f1_std": 0.0,
      "ci_95": [
        0.2476125371239337,
        0.2476125371239337
      ],
      "avg_tokens": 2229.0,
      "compression": 3.722259640706809,
      "n_runs": 1
    }
  },
  "qasper": {
    "full_context": {
      "f1_mean": 0.18204978700073166,
      "f1_std": 0.0,
      "ci_95": [
        0.18204978700073166,
        0.18204978700073166
      ],
      "avg_tokens": 3748.0,
      "compression": 1.2816175175670752,
      "n_runs": 1
    },
    "naive_rag": {
      "f1_mean": 0.1918146396780136,
      "f1_std": 0.0,
      "ci_95": [
        0.1918146396780136,
        0.1918146396780136
      ],
      "avg_tokens": 1706.0,
      "compression": 2.879455065660811,
      "n_runs": 1
    },
    "summary_belief": {
      "f1_mean": 0.16143840629411652,
      "f1_std": 0.0,
      "ci_95": [
        0.16143840629411652,
        0.16143840629411652
      ],
      "avg_tokens": 304.0,
      "compression": 16.148740301823686,
      "n_runs": 1
    },
    "vague": {
      "f1_mean": 0.1860898971316606,
      "f1_std": 0.0,
      "ci_95": [
        0.1860898971316606,
        0.1860898971316606
      ],
      "avg_tokens": 1729.0,
      "compression": 2.8460537288602916,
      "n_runs": 1
    }
  }
}