{
  "hotpotqa": {
    "full_context": {
      "f1_mean": 0.03573794249248387,
      "f1_std": 0.0,
      "ci_95": [
        0.03573794249248387,
        0.03573794249248387
      ],
      "avg_tokens": 4120.0,
      "compression": 3.140829717624349,
      "n_runs": 1
    },
    "naive_rag": {
      "f1_mean": 0.0352097818612259,
      "f1_std": 0.0,
      "ci_95": [
        0.0352097818612259,
        0.0352097818612259
      ],
      "avg_tokens": 1764.0,
      "compression": 7.394063083200693,
      "n_runs": 1
    },
    "summary_belief": {
      "f1_mean": 0.05875013546154218,
      "f1_std": 0.0,
      "ci_95": [
        0.05875013546154218,
        0.05875013546154218
      ],
      "avg_tokens": 333.0,
      "compression": 38.75351168349405,
      "n_runs": 1
    },
    "vague": {
      "f1_mean": 0.035399799454575075,
      "f1_std": 0.0,
      "ci_95": [
        0.035399799454575075,
        0.035399799454575075
      ],
      "avg_tokens": 1734.0,
      "compression": 7.55770724725688,
      "n_runs": 1
    }
  },
  "multifieldqa_en": {
    "full_context": {
      "f1_mean": 0.16264373680064304,
      "f1_std": 0.0,
      "ci_95": [
        0.16264373680064304,
        0.16264373680064304
      ],
      "avg_tokens": 3768.0,
      "compression": 1.8358266211945762,
      "n_runs": 1
    },
    "naive_rag": {
      "f1_mean": 0.1595905664419402,
      "f1_std": 0.0,
      "ci_95": [
        0.1595905664419402,
        0.1595905664419402
      ],
      "avg_tokens": 2232.0,
      "compression": 3.6227801329267906,
      "n_runs": 1
    },
    "summary_belief": {
      "f1_mean": 0.24196930662231403,
      "f1_std": 0.0,
      "ci_95": [
        0.24196930662231403,
        0.24196930662231403
      ],
      "avg_tokens": 321.0,
      "compression": 22.345375439398612,
      "n_runs": 1
    },
    "vague": {
      "f1_mean": 0.14839808580809816,
      "f1_std": 0.0,
      "ci_95": [
        0.14839808580809816,
        0.14839808580809816
      ],
      "avg_tokens": 2229.0,
      "compression": 3.722259640706809,
      "n_runs": 1
    }
  },
  "qasper": {
    "full_context": {
      "f1_mean": 0.1223279846446427,
      "f1_std": 0.0,
      "ci_95": [
        0.1223279846446427,
        0.1223279846446427
      ],
      "avg_tokens": 3748.0,
      "compression": 1.2816175175670752,
      "n_runs": 1
    },
    "naive_rag": {
      "f1_mean": 0.12965711173652988,
      "f1_std": 0.0,
      "ci_95": [
        0.12965711173652988,
        0.12965711173652988
      ],
      "avg_tokens": 1706.0,
      "compression": 2.879455065660811,
      "n_runs": 1
    },
    "summary_belief": {
      "f1_mean": 0.16816240882978092,
      "f1_std": 0.0,
      "ci_95": [
        0.16816240882978092,
        0.16816240882978092
      ],
      "avg_tokens": 331.0,
      "compression": 14.853113578357902,
      "n_runs": 1
    },
    "vague": {
      "f1_mean": 0.12444214730691915,
      "f1_std": 0.0,
      "ci_95": [
        0.12444214730691915,
        0.12444214730691915
      ],
      "avg_tokens": 1729.0,
      "compression": 2.8460537288602916,
      "n_runs": 1
    }
  }
}